airline,date_of_journey,source,destination,dep_time,arrival_time,duration,total_stops,additional_info,price
Spicejet,2019-04-01,Banglore,Delhi,09:30:00,12:20:00,170,0.0,No Info,3971
Jet Airways,2019-03-24,Kolkata,Banglore,21:10:00,08:10:00,660,1.0,In-flight meal not included,11134
Indigo,2019-03-09,Banglore,New Delhi,06:00:00,08:45:00,165,0.0,No Info,7648
Jet Airways,2019-03-09,Banglore,New Delhi,09:45:00,00:30:00,885,1.0,In-flight meal not included,10562
Jet Airways,2019-03-01,Banglore,New Delhi,05:45:00,11:25:00,340,1.0,Business class,79512
Air India,2019-05-21,Kolkata,Banglore,10:00:00,23:15:00,795,1.0,No Info,11936
Spicejet,2019-05-18,Chennai,Kolkata,08:20:00,10:35:00,135,0.0,No check-in baggage included,3543
Jet Airways,2019-03-15,Mumbai,Hyderabad,15:50:00,17:20:00,90,0.0,No Info,5678
Goair,2019-06-01,Delhi,Cochin,07:00:00,12:55:00,355,1.0,No Info,5457
Jet Airways,2019-06-09,Delhi,Cochin,09:35:00,04:25:00,1130,2.0,No Info,13292
Multiple Carriers,2019-06-03,Delhi,Cochin,10:00:00,21:00:00,660,1.0,No Info,9718
Air Asia,2019-05-03,Banglore,Delhi,04:55:00,07:45:00,170,0.0,No Info,6181
Multiple Carriers,2019-06-24,Delhi,Cochin,17:30:00,01:30:00,480,1.0,No Info,13377
Jet Airways,2019-04-01,Kolkata,Banglore,16:30:00,16:20:00,1430,1.0,In-flight meal not included,7064
Spicejet,2019-06-09,Kolkata,Banglore,15:55:00,21:25:00,330,1.0,No Info,9158
Multiple Carriers,2019-03-03,Delhi,Cochin,04:00:00,15:30:00,690,1.0,No Info,14973
Jet Airways,2019-06-18,Mumbai,Hyderabad,10:20:00,11:50:00,90,0.0,In-flight meal not included,4995
Jet Airways,2019-03-12,Banglore,New Delhi,20:35:00,19:10:00,1355,1.0,In-flight meal not included,11087
Jet Airways,2019-06-12,Kolkata,Banglore,20:00:00,08:15:00,735,1.0,In-flight meal not included,8529
Vistara,2019-06-18,Delhi,Cochin,06:00:00,09:10:00,190,0.0,No Info,6216
Jet Airways,2019-06-06,Kolkata,Banglore,08:25:00,19:50:00,685,1.0,No Info,14571
Jet Airways,2019-05-01,Mumbai,Hyderabad,07:05:00,08:30:00,85,0.0,No Info,8040
Jet Airways,2019-06-09,Delhi,Cochin,05:30:00,19:00:00,810,2.0,No Info,13014
Jet Airways,2019-05-09,Delhi,Cochin,20:55:00,19:00:00,1325,1.0,In-flight meal not included,12373
Indigo,2019-06-06,Kolkata,Banglore,10:30:00,16:05:00,335,1.0,No Info,6301
Air India,2019-03-03,Delhi,Cochin,22:00:00,19:15:00,1275,2.0,No Info,22096
Jet Airways,2019-04-18,Banglore,Delhi,18:55:00,22:00:00,185,0.0,No Info,7229
Jet Airways,2019-05-09,Delhi,Cochin,13:00:00,19:00:00,360,1.0,No Info,15554
Air India,2019-05-15,Banglore,Delhi,13:20:00,16:10:00,170,0.0,No Info,5228
Multiple Carriers,2019-03-06,Delhi,Cochin,02:15:00,13:20:00,665,1.0,No Info,17057
Air India,2019-04-09,Delhi,Cochin,20:30:00,08:15:00,705,1.0,No Info,5683
Jet Airways,2019-06-18,Mumbai,Hyderabad,19:35:00,21:05:00,90,0.0,In-flight meal not included,3210
Jet Airways,2019-05-21,Delhi,Cochin,11:30:00,12:35:00,1505,1.0,In-flight meal not included,12898
Jet Airways,2019-05-06,Kolkata,Banglore,06:30:00,18:15:00,705,1.0,No Info,14781
Air Asia,2019-03-09,Kolkata,Banglore,19:35:00,22:05:00,150,0.0,No Info,4384
Jet Airways,2019-06-09,Kolkata,Banglore,09:35:00,14:25:00,1730,1.0,No Info,14151
Jet Airways,2019-06-12,Kolkata,Banglore,20:25:00,09:45:00,800,1.0,In-flight meal not included,10539
Indigo,2019-06-21,Chennai,Kolkata,22:05:00,00:25:00,140,0.0,No Info,5277
Air India,2019-05-18,Kolkata,Banglore,10:00:00,01:20:00,920,2.0,No Info,13243
Jet Airways,2019-03-27,Delhi,Cochin,05:10:00,04:25:00,1395,2.0,In-flight meal not included,9412
Indigo,2019-06-06,Delhi,Cochin,07:30:00,21:00:00,810,1.0,No Info,6093
Jet Airways,2019-05-21,Kolkata,Banglore,21:10:00,12:00:00,890,1.0,In-flight meal not included,10844
Air India,2019-03-21,Delhi,Cochin,12:30:00,09:25:00,1255,1.0,No Info,6482
Air Asia,2019-06-27,Kolkata,Banglore,19:55:00,22:25:00,150,0.0,No Info,3807
Jet Airways,2019-06-09,Delhi,Cochin,09:40:00,04:25:00,1125,2.0,In-flight meal not included,10368
Indigo,2019-04-21,Delhi,Cochin,06:50:00,12:10:00,320,1.0,No Info,6968
Jet Airways,2019-06-09,Kolkata,Banglore,20:25:00,23:35:00,1630,1.0,No Info,12692
Indigo,2019-06-24,Mumbai,Hyderabad,20:05:00,21:40:00,95,0.0,No Info,2227
Air India,2019-06-06,Kolkata,Banglore,09:25:00,05:25:00,1200,2.0,No Info,13217
Jet Airways,2019-05-18,Delhi,Cochin,18:15:00,04:25:00,610,1.0,In-flight meal not included,12373
Indigo,2019-04-18,Banglore,Delhi,08:30:00,11:20:00,170,0.0,No Info,5740
Vistara,2019-06-12,Kolkata,Banglore,20:20:00,22:40:00,1580,1.0,No Info,7927
Multiple Carriers,2019-05-21,Delhi,Cochin,18:00:00,01:30:00,450,1.0,No Info,7888
Air India,2019-05-21,Delhi,Cochin,18:45:00,19:15:00,1470,2.0,No Info,12257
Jet Airways,2019-05-15,Kolkata,Banglore,21:10:00,10:05:00,775,1.0,No Info,15149
Multiple Carriers,2019-06-12,Delhi,Cochin,10:00:00,01:30:00,930,1.0,No Info,7198
Air India,2019-05-24,Kolkata,Banglore,10:00:00,05:25:00,1165,2.0,No Info,15422
Jet Airways,2019-06-27,Delhi,Cochin,19:45:00,12:35:00,1010,1.0,In-flight meal not included,10262
Air India,2019-03-09,Banglore,New Delhi,13:20:00,16:10:00,170,0.0,No Info,8851
Multiple Carriers,2019-05-24,Delhi,Cochin,19:00:00,01:30:00,390,1.0,No Info,8283
Jet Airways,2019-05-18,Kolkata,Banglore,20:25:00,09:45:00,800,1.0,No Info,14151
Air India,2019-06-24,Delhi,Cochin,13:00:00,19:15:00,375,1.0,No Info,8372
Indigo,2019-05-15,Delhi,Cochin,11:25:00,21:00:00,575,1.0,No Info,6979
Air India,2019-03-03,Banglore,New Delhi,08:15:00,08:50:00,1475,1.0,No Info,6781
Indigo,2019-04-24,Banglore,Delhi,16:55:00,19:55:00,180,0.0,No Info,4823
Jet Airways,2019-05-21,Kolkata,Banglore,18:55:00,08:15:00,800,1.0,No Info,14388
Indigo,2019-05-27,Mumbai,Hyderabad,16:55:00,18:25:00,90,0.0,No Info,3175
Multiple Carriers,2019-06-27,Delhi,Cochin,10:00:00,01:30:00,930,1.0,No Info,13377
Vistara,2019-05-21,Kolkata,Banglore,07:10:00,22:40:00,930,1.0,No Info,8452
Jet Airways,2019-06-06,Delhi,Cochin,05:30:00,19:00:00,810,2.0,In-flight meal not included,11507
Indigo,2019-05-24,Kolkata,Banglore,09:20:00,14:15:00,295,1.0,No Info,9376
Jet Airways,2019-05-12,Kolkata,Banglore,06:30:00,18:15:00,705,1.0,In-flight meal not included,10844
Jet Airways,2019-05-21,Kolkata,Banglore,08:25:00,20:45:00,740,1.0,No Info,14781
Air India,2019-03-21,Banglore,New Delhi,10:30:00,22:55:00,745,1.0,No Info,6383
Multiple Carriers,2019-05-15,Delhi,Cochin,13:00:00,01:30:00,750,1.0,No Info,13727
Air India,2019-05-15,Kolkata,Banglore,09:50:00,08:55:00,1385,2.0,No Info,14960
Jet Airways,2019-05-21,Kolkata,Banglore,20:25:00,18:00:00,1295,1.0,No Info,14151
Jet Airways,2019-06-12,Kolkata,Banglore,21:10:00,04:40:00,450,1.0,In-flight meal not included,7594
Air India,2019-03-06,Banglore,New Delhi,12:00:00,23:25:00,685,3.0,No Info,14195
Air India,2019-03-03,Delhi,Cochin,21:30:00,19:15:00,1305,2.0,No Info,12287
Multiple Carriers,2019-05-15,Delhi,Cochin,07:05:00,16:10:00,545,1.0,No Info,9646
Spicejet,2019-04-09,Kolkata,Banglore,22:20:00,00:40:00,140,0.0,No check-in baggage included,3841
Indigo,2019-04-01,Kolkata,Banglore,09:20:00,14:15:00,295,1.0,No Info,10308
Multiple Carriers,2019-06-06,Delhi,Cochin,13:00:00,21:00:00,480,1.0,No Info,13587
Air India,2019-06-06,Delhi,Cochin,06:05:00,09:25:00,1640,1.0,No Info,7952
Indigo,2019-05-15,Banglore,Delhi,21:15:00,00:15:00,180,0.0,No Info,3943
Air India,2019-04-06,Delhi,Cochin,06:10:00,23:00:00,1010,1.0,No Info,5022
Jet Airways,2019-05-09,Kolkata,Banglore,09:35:00,21:05:00,690,1.0,No Info,13067
Air India,2019-06-09,Delhi,Cochin,14:10:00,17:10:00,180,0.0,No Info,6094
Jet Airways,2019-06-24,Delhi,Cochin,22:50:00,12:35:00,825,1.0,In-flight meal not included,10262
Spicejet,2019-05-15,Delhi,Cochin,08:45:00,13:15:00,270,1.0,No check-in baggage included,4760
Indigo,2019-05-01,Kolkata,Banglore,22:15:00,00:50:00,155,0.0,No Info,4804
Multiple Carriers,2019-03-21,Delhi,Cochin,13:00:00,21:00:00,480,1.0,No Info,7618
Indigo,2019-05-27,Kolkata,Banglore,09:35:00,12:20:00,165,0.0,No Info,4804
Air India,2019-03-24,Kolkata,Banglore,12:00:00,23:15:00,2115,3.0,No Info,14221
Indigo,2019-03-15,Banglore,New Delhi,10:10:00,13:00:00,170,0.0,No Info,6144
Jet Airways,2019-05-18,Delhi,Cochin,19:10:00,12:35:00,1045,2.0,No Info,15129
Spicejet,2019-04-03,Banglore,Delhi,21:10:00,00:05:00,175,0.0,No check-in baggage included,3919
Jet Airways,2019-03-12,Banglore,New Delhi,22:55:00,09:30:00,635,1.0,No Info,13817
Jet Airways,2019-05-24,Kolkata,Banglore,21:10:00,09:20:00,730,1.0,In-flight meal not included,9663
Jet Airways,2019-03-01,Banglore,New Delhi,22:50:00,07:40:00,530,1.0,No Info,26890
Jet Airways,2019-06-27,Delhi,Cochin,23:05:00,04:25:00,1760,2.0,No Info,12819
Jet Airways,2019-04-01,Delhi,Cochin,18:15:00,19:00:00,1485,1.0,In-flight meal not included,5406
Indigo,2019-03-09,Banglore,New Delhi,10:30:00,13:20:00,170,0.0,No Info,6860
Air India,2019-05-21,Kolkata,Banglore,12:00:00,18:30:00,1830,2.0,No Info,10151
Jet Airways,2019-05-27,Delhi,Cochin,21:50:00,19:00:00,1270,1.0,In-flight meal not included,12898
Spicejet,2019-06-06,Chennai,Kolkata,08:20:00,10:35:00,135,0.0,No Info,3597
Jet Airways,2019-03-03,Delhi,Cochin,05:25:00,04:25:00,2820,2.0,No Info,20064
Spicejet,2019-05-15,Chennai,Kolkata,08:20:00,10:35:00,135,0.0,No Info,3597
Indigo,2019-03-27,Chennai,Kolkata,14:40:00,17:05:00,145,0.0,No Info,3384
Jet Airways,2019-06-24,Delhi,Cochin,13:00:00,04:25:00,925,1.0,In-flight meal not included,10262
Air Asia,2019-06-12,Delhi,Cochin,07:55:00,22:25:00,870,1.0,No Info,6152
Air Asia,2019-03-03,Banglore,New Delhi,05:50:00,08:40:00,170,0.0,No Info,7652
Jet Airways,2019-05-27,Delhi,Cochin,22:50:00,12:35:00,825,1.0,In-flight meal not included,12898
Jet Airways,2019-06-01,Delhi,Cochin,15:00:00,04:25:00,805,1.0,No Info,14714
Spicejet,2019-05-03,Kolkata,Banglore,06:55:00,09:30:00,155,0.0,No check-in baggage included,3841
Jet Airways,2019-04-01,Kolkata,Banglore,20:00:00,22:35:00,1595,1.0,No Info,12681
Spicejet,2019-05-09,Kolkata,Banglore,09:00:00,11:25:00,145,0.0,No Info,3873
Multiple Carriers,2019-03-06,Delhi,Cochin,08:00:00,21:00:00,780,1.0,No Info,15078
Air India,2019-06-27,Delhi,Cochin,09:45:00,09:25:00,1420,1.0,No Info,7480
Indigo,2019-06-15,Delhi,Cochin,11:25:00,01:30:00,845,1.0,No Info,5883
Air India,2019-03-18,Banglore,New Delhi,00:30:00,08:45:00,495,1.0,No Info,13859
Jet Airways,2019-05-24,Kolkata,Banglore,06:30:00,09:20:00,1610,1.0,In-flight meal not included,9663
Air India,2019-05-06,Kolkata,Banglore,09:25:00,07:55:00,1350,1.0,No Info,8366
Multiple Carriers,2019-04-09,Delhi,Cochin,12:50:00,19:15:00,385,1.0,No Info,6481
Indigo,2019-05-09,Delhi,Cochin,02:00:00,07:25:00,325,1.0,No Info,6582
Multiple Carriers,2019-06-01,Delhi,Cochin,08:45:00,19:15:00,630,1.0,No Info,10261
Air India,2019-05-12,Delhi,Cochin,05:10:00,08:00:00,170,0.0,No Info,6094
Jet Airways,2019-06-15,Mumbai,Hyderabad,10:20:00,11:50:00,90,0.0,In-flight meal not included,4050
Air India,2019-05-18,Delhi,Cochin,09:45:00,09:25:00,1420,1.0,No Info,8372
Jet Airways,2019-06-09,Kolkata,Banglore,20:25:00,22:05:00,1540,1.0,No Info,12692
Jet Airways,2019-03-27,Delhi,Cochin,19:10:00,19:45:00,1475,2.0,In-flight meal not included,8882
Jet Airways,2019-05-24,Kolkata,Banglore,20:00:00,19:50:00,1430,1.0,In-flight meal not included,10844
Vistara,2019-05-15,Kolkata,Banglore,20:20:00,10:45:00,865,1.0,No Info,8452
Air India,2019-03-12,Banglore,New Delhi,00:30:00,08:45:00,495,1.0,No Info,13492
Indigo,2019-06-24,Delhi,Cochin,06:40:00,21:00:00,860,1.0,No Info,6093
Air India,2019-03-01,Banglore,New Delhi,00:30:00,20:30:00,1200,1.0,1 Long layover,14752
Jet Airways,2019-05-21,Kolkata,Banglore,20:25:00,14:25:00,1080,1.0,No Info,11467
Jet Airways,2019-04-01,Kolkata,Banglore,18:55:00,18:15:00,1400,1.0,In-flight meal not included,7064
Multiple Carriers,2019-05-18,Delhi,Cochin,06:00:00,21:00:00,900,1.0,No Info,7670
Vistara,2019-05-06,Banglore,Delhi,17:00:00,19:35:00,155,0.0,No Info,4878
Jet Airways,2019-05-01,Kolkata,Banglore,16:30:00,04:40:00,730,1.0,In-flight meal not included,8586
Jet Airways,2019-05-09,Kolkata,Banglore,16:30:00,22:35:00,365,1.0,No Info,14781
Air India,2019-03-24,Kolkata,Banglore,16:45:00,23:15:00,1830,2.0,No Info,13885
Vistara,2019-06-09,Banglore,Delhi,21:00:00,23:50:00,170,0.0,No Info,4668
Multiple Carriers,2019-05-21,Delhi,Cochin,08:45:00,19:15:00,630,1.0,No Info,8266
Spicejet,2019-04-01,Banglore,Delhi,05:55:00,08:35:00,160,0.0,No Info,3971
Indigo,2019-03-24,Banglore,New Delhi,23:30:00,02:20:00,170,0.0,No Info,4944
Jet Airways,2019-06-01,Delhi,Cochin,18:15:00,04:25:00,610,1.0,No Info,14714
Jet Airways,2019-06-06,Banglore,Delhi,07:10:00,10:10:00,180,0.0,No Info,8016
Air Asia,2019-06-15,Kolkata,Banglore,19:55:00,22:25:00,150,0.0,No Info,4107
Indigo,2019-06-09,Kolkata,Banglore,08:10:00,13:00:00,290,1.0,No Info,5069
Indigo,2019-04-27,Banglore,Delhi,21:15:00,00:15:00,180,0.0,No Info,3943
Jet Airways,2019-06-24,Delhi,Cochin,23:05:00,19:00:00,1195,2.0,No Info,12819
Goair,2019-05-09,Delhi,Cochin,07:25:00,13:35:00,370,1.0,No Info,5842
Air India,2019-05-21,Kolkata,Banglore,14:15:00,16:45:00,150,0.0,No Info,5510
Indigo,2019-03-15,Delhi,Cochin,05:35:00,08:50:00,195,0.0,No Info,5406
Multiple Carriers,2019-06-15,Delhi,Cochin,08:00:00,21:00:00,780,1.0,No Info,7408
Multiple Carriers,2019-06-06,Delhi,Cochin,10:20:00,21:00:00,640,1.0,No Info,7005
Air India,2019-03-01,Banglore,New Delhi,06:45:00,11:10:00,1705,2.0,No Info,20999
Multiple Carriers,2019-05-18,Delhi,Cochin,07:05:00,21:00:00,835,1.0,No Info,13727
Indigo,2019-06-12,Delhi,Cochin,14:20:00,22:30:00,490,1.0,No Info,6938
Air India,2019-03-09,Delhi,Cochin,23:00:00,07:40:00,520,1.0,No Info,10840
Air India,2019-03-06,Delhi,Cochin,17:20:00,09:25:00,965,1.0,No Info,12677
Jet Airways,2019-04-03,Mumbai,Hyderabad,19:35:00,21:05:00,90,0.0,In-flight meal not included,2071
Air India,2019-03-09,Delhi,Cochin,07:00:00,19:15:00,735,1.0,No Info,15704
Jet Airways,2019-03-24,Kolkata,Banglore,06:30:00,04:45:00,1335,1.0,No Info,13759
Indigo,2019-05-27,Delhi,Cochin,16:00:00,01:30:00,570,1.0,No Info,7048
Jet Airways,2019-03-21,Banglore,New Delhi,05:45:00,15:15:00,570,1.0,In-flight meal not included,7832
Indigo,2019-06-27,Mumbai,Hyderabad,20:05:00,21:40:00,95,0.0,No Info,2227
Jet Airways,2019-03-01,Banglore,New Delhi,05:50:00,12:20:00,390,1.0,Business class,28097
Indigo,2019-05-24,Kolkata,Banglore,20:20:00,22:55:00,155,0.0,No Info,4804
Air India,2019-06-18,Banglore,Delhi,17:00:00,19:50:00,170,0.0,No Info,6961
Multiple Carriers,2019-05-27,Delhi,Cochin,10:20:00,21:00:00,640,1.0,No Info,7005
Jet Airways,2019-05-21,Delhi,Cochin,17:30:00,19:00:00,1530,1.0,In-flight meal not included,12898
Jet Airways,2019-04-06,Delhi,Cochin,02:15:00,19:00:00,1005,1.0,In-flight meal not included,5177
Jet Airways,2019-03-27,Delhi,Cochin,19:10:00,19:45:00,1475,2.0,No Info,9483
Multiple Carriers,2019-06-12,Delhi,Cochin,07:05:00,19:15:00,730,1.0,In-flight meal not included,11667
Indigo,2019-04-18,Banglore,Delhi,13:00:00,15:50:00,170,0.0,No Info,4990
Air India,2019-03-09,Banglore,New Delhi,06:50:00,12:15:00,325,1.0,No Info,5118
Indigo,2019-06-12,Kolkata,Banglore,09:20:00,14:15:00,295,1.0,No Info,11160
Air India,2019-03-21,Delhi,Cochin,17:15:00,19:15:00,1560,2.0,No Info,8770
Spicejet,2019-06-24,Banglore,Delhi,09:30:00,12:20:00,170,0.0,No Info,3625
Jet Airways,2019-03-06,Delhi,Cochin,21:50:00,04:25:00,395,1.0,In-flight meal not included,13843
Air India,2019-03-18,Banglore,New Delhi,11:05:00,22:10:00,665,2.0,No Info,10846
Jet Airways,2019-03-24,Kolkata,Banglore,19:45:00,20:40:00,1495,1.0,In-flight meal not included,10031
Air India,2019-05-01,Delhi,Cochin,17:15:00,09:25:00,970,2.0,No Info,8839
Air India,2019-03-18,Banglore,New Delhi,08:50:00,16:30:00,1900,2.0,No Info,10835
Air India,2019-05-12,Kolkata,Banglore,10:00:00,01:20:00,920,2.0,No Info,13243
Jet Airways,2019-06-15,Delhi,Cochin,09:00:00,19:00:00,600,1.0,In-flight meal not included,10262
Jet Airways,2019-05-01,Kolkata,Banglore,18:55:00,04:40:00,585,1.0,In-flight meal not included,8586
Air India,2019-05-01,Delhi,Cochin,22:00:00,19:15:00,1275,2.0,No Info,11281
Indigo,2019-04-24,Banglore,Delhi,22:10:00,01:00:00,170,0.0,No Info,3625
Air India,2019-06-15,Kolkata,Banglore,20:45:00,23:20:00,155,0.0,No Info,4145
Multiple Carriers,2019-03-06,Delhi,Cochin,11:35:00,21:00:00,565,3.0,No Info,21829
Jet Airways,2019-05-09,Kolkata,Banglore,06:30:00,18:15:00,705,1.0,No Info,14781
Air Asia,2019-05-09,Kolkata,Banglore,07:35:00,23:30:00,955,1.0,No Info,5192
Indigo,2019-05-27,Chennai,Kolkata,22:05:00,00:25:00,140,0.0,No Info,5277
Spicejet,2019-06-18,Mumbai,Hyderabad,05:45:00,07:15:00,90,0.0,No Info,2753
Indigo,2019-05-06,Delhi,Cochin,10:35:00,01:30:00,895,1.0,No Info,6979
Air India,2019-03-09,Banglore,New Delhi,10:00:00,12:45:00,165,0.0,No Info,7801
Multiple Carriers,2019-06-01,Delhi,Cochin,09:00:00,19:15:00,615,1.0,No Info,16108
Multiple Carriers,2019-03-09,Delhi,Cochin,13:15:00,22:20:00,545,1.0,No Info,9856
Air India,2019-05-18,Delhi,Cochin,16:40:00,19:15:00,1595,2.0,No Info,9863
Air India,2019-03-09,Delhi,Cochin,05:55:00,19:15:00,800,2.0,No Info,18736
Jet Airways,2019-06-06,Kolkata,Banglore,20:25:00,18:00:00,1295,1.0,In-flight meal not included,10539
Multiple Carriers,2019-06-24,Delhi,Cochin,08:45:00,19:00:00,615,1.0,No Info,12524
Jet Airways,2019-03-21,Delhi,Cochin,18:15:00,04:25:00,610,1.0,No Info,12557
Multiple Carriers,2019-03-09,Delhi,Cochin,09:45:00,16:10:00,385,1.0,No Info,8386
Jet Airways,2019-03-27,Delhi,Cochin,11:30:00,04:25:00,1015,1.0,In-flight meal not included,6017
Jet Airways,2019-05-21,Delhi,Cochin,16:00:00,19:00:00,1620,1.0,No Info,16079
Jet Airways,2019-06-27,Delhi,Cochin,21:25:00,12:35:00,910,2.0,In-flight meal not included,11507
Indigo,2019-05-21,Delhi,Cochin,17:10:00,01:30:00,500,1.0,No Info,6794
Air India,2019-06-18,Kolkata,Banglore,14:15:00,16:45:00,150,0.0,No Info,5510
Jet Airways,2019-05-24,Kolkata,Banglore,20:25:00,10:55:00,870,1.0,No Info,13067
Jet Airways,2019-06-27,Delhi,Cochin,13:25:00,19:00:00,1775,2.0,In-flight meal not included,11150
Multiple Carriers,2019-06-27,Delhi,Cochin,13:00:00,01:30:00,750,1.0,No Info,13377
Jet Airways,2019-04-24,Banglore,Delhi,07:10:00,10:10:00,180,0.0,No Info,7229
Jet Airways,2019-05-27,Delhi,Cochin,07:05:00,12:35:00,330,1.0,No Info,16289
Indigo,2019-06-03,Banglore,Delhi,00:25:00,03:15:00,170,0.0,No Info,3943
Air India,2019-03-06,Delhi,Cochin,06:10:00,08:15:00,1565,1.0,No Info,11038
Air Asia,2019-06-06,Kolkata,Banglore,07:35:00,23:30:00,955,1.0,No Info,6810
Jet Airways,2019-04-01,Kolkata,Banglore,20:25:00,18:00:00,1295,1.0,No Info,11467
Multiple Carriers,2019-06-09,Delhi,Cochin,02:15:00,11:30:00,555,1.0,No Info,13587
Indigo,2019-05-21,Chennai,Kolkata,07:55:00,10:15:00,140,0.0,No Info,3850
Jet Airways,2019-03-24,Kolkata,Banglore,06:30:00,16:20:00,590,1.0,In-flight meal not included,8824
Air India,2019-03-21,Mumbai,Hyderabad,13:55:00,15:25:00,90,0.0,No Info,3100
Jet Airways,2019-03-06,Delhi,Cochin,09:00:00,04:25:00,1165,1.0,In-flight meal not included,13843
Multiple Carriers,2019-06-15,Delhi,Cochin,11:30:00,19:15:00,465,1.0,No Info,16108
Indigo,2019-04-15,Banglore,Delhi,00:30:00,03:25:00,175,0.0,No Info,4284
Spicejet,2019-05-27,Chennai,Kolkata,09:45:00,12:00:00,135,0.0,No check-in baggage included,3543
Air Asia,2019-06-24,Kolkata,Banglore,22:50:00,01:20:00,150,0.0,No Info,3807
Air India,2019-06-06,Delhi,Cochin,13:20:00,07:40:00,1100,2.0,No Info,12751
Jet Airways,2019-06-01,Delhi,Cochin,22:50:00,19:00:00,1210,1.0,No Info,14714
Jet Airways,2019-06-03,Delhi,Cochin,19:45:00,04:25:00,520,1.0,No Info,14714
Jet Airways,2019-06-03,Delhi,Cochin,10:00:00,19:00:00,540,1.0,No Info,14714
Jet Airways,2019-06-06,Kolkata,Banglore,20:00:00,18:15:00,1335,1.0,In-flight meal not included,10844
Jet Airways,2019-05-06,Kolkata,Banglore,08:25:00,16:20:00,475,1.0,No Info,14781
Jet Airways,2019-03-15,Banglore,New Delhi,05:45:00,11:25:00,340,1.0,In-flight meal not included,9134
Multiple Carriers,2019-06-06,Delhi,Cochin,09:15:00,19:00:00,585,1.0,No Info,11622
Multiple Carriers,2019-05-15,Delhi,Cochin,10:00:00,01:30:00,930,1.0,No Info,8073
Indigo,2019-06-12,Delhi,Cochin,18:35:00,01:30:00,415,1.0,No Info,5883
Indigo,2019-03-03,Banglore,New Delhi,22:20:00,01:10:00,170,0.0,No Info,7648
Multiple Carriers,2019-06-12,Delhi,Cochin,08:45:00,19:15:00,630,1.0,No Info,8266
Jet Airways,2019-05-24,Kolkata,Banglore,20:25:00,18:00:00,1295,1.0,No Info,14151
Multiple Carriers,2019-06-24,Delhi,Cochin,09:45:00,22:30:00,765,1.0,No Info,9646
Indigo,2019-06-12,Delhi,Cochin,07:35:00,16:10:00,515,1.0,No Info,6442
Jet Airways,2019-05-01,Kolkata,Banglore,17:00:00,14:25:00,1285,1.0,In-flight meal not included,9314
Indigo,2019-06-27,Delhi,Cochin,16:00:00,21:00:00,300,1.0,No Info,6069
Indigo,2019-06-27,Banglore,Delhi,04:00:00,06:50:00,170,0.0,No Info,3943
Jet Airways,2019-03-21,Banglore,New Delhi,11:40:00,20:20:00,520,1.0,In-flight meal not included,7832
Air Asia,2019-06-24,Delhi,Cochin,20:45:00,06:35:00,590,1.0,No Info,6152
Vistara,2019-03-06,Mumbai,Hyderabad,11:55:00,09:25:00,1290,1.0,No Info,12395
Jet Airways,2019-06-15,Delhi,Cochin,09:25:00,04:25:00,1140,2.0,No Info,13882
Jet Airways,2019-05-21,Kolkata,Banglore,14:05:00,20:45:00,400,1.0,In-flight meal not included,10844
Indigo,2019-03-24,Kolkata,Banglore,17:35:00,22:15:00,280,1.0,No Info,6933
Air India,2019-06-12,Delhi,Cochin,05:00:00,19:15:00,2295,2.0,No Info,9443
Air India,2019-06-09,Kolkata,Banglore,07:00:00,05:25:00,1345,2.0,No Info,12534
Air India,2019-03-21,Delhi,Cochin,10:00:00,19:15:00,555,1.0,No Info,7934
Jet Airways,2019-05-12,Kolkata,Banglore,09:35:00,19:10:00,575,1.0,No Info,14151
Multiple Carriers,2019-05-21,Delhi,Cochin,10:00:00,01:30:00,930,1.0,No Info,14067
Indigo,2019-04-15,Banglore,Delhi,22:10:00,01:00:00,170,0.0,No Info,3943
Jet Airways,2019-03-03,Delhi,Cochin,09:00:00,18:50:00,590,1.0,In-flight meal not included,15400
Air Asia,2019-06-01,Delhi,Cochin,20:45:00,07:10:00,625,1.0,No Info,11410
Spicejet,2019-04-09,Kolkata,Banglore,22:20:00,00:40:00,140,0.0,No Info,3873
Air India,2019-06-24,Delhi,Cochin,14:10:00,17:10:00,180,0.0,No Info,5201
Indigo,2019-05-06,Chennai,Kolkata,14:45:00,17:05:00,140,0.0,No Info,3597
Indigo,2019-06-12,Delhi,Cochin,23:30:00,04:35:00,305,1.0,No Info,10112
Jet Airways,2019-06-06,Kolkata,Banglore,16:30:00,23:35:00,425,1.0,No Info,14571
Air Asia,2019-05-09,Kolkata,Banglore,22:40:00,10:40:00,720,1.0,No Info,5192
Spicejet,2019-06-03,Kolkata,Banglore,17:10:00,19:40:00,150,0.0,No check-in baggage included,3841
Spicejet,2019-04-01,Kolkata,Banglore,06:55:00,09:30:00,155,0.0,No check-in baggage included,3841
Indigo,2019-03-09,Chennai,Kolkata,11:35:00,14:00:00,145,0.0,No Info,6297
Jet Airways,2019-05-06,Mumbai,Hyderabad,10:20:00,11:50:00,90,0.0,No Info,8040
Indigo,2019-05-15,Delhi,Cochin,06:50:00,16:10:00,560,1.0,No Info,6442
Spicejet,2019-06-24,Kolkata,Banglore,17:10:00,19:40:00,150,0.0,No Info,3873
Spicejet,2019-06-21,Chennai,Kolkata,08:20:00,10:35:00,135,0.0,No Info,3597
Jet Airways,2019-03-21,Delhi,Cochin,10:45:00,18:50:00,1925,2.0,No Info,11093
Air India,2019-03-09,Kolkata,Banglore,14:15:00,16:45:00,150,0.0,No Info,4960
Jet Airways,2019-06-24,Delhi,Cochin,11:30:00,19:00:00,450,1.0,No Info,14714
Air India,2019-05-21,Kolkata,Banglore,05:50:00,23:15:00,1045,2.0,No Info,13143
Jet Airways,2019-05-01,Banglore,Delhi,06:00:00,08:45:00,165,0.0,In-flight meal not included,4030
Multiple Carriers,2019-03-27,Delhi,Cochin,02:15:00,13:20:00,665,1.0,No Info,12327
Multiple Carriers,2019-06-15,Delhi,Cochin,14:00:00,21:00:00,420,1.0,No Info,13587
Multiple Carriers,2019-06-01,Delhi,Cochin,07:10:00,22:30:00,920,1.0,No Info,7038
Indigo,2019-05-03,Banglore,Delhi,10:10:00,13:00:00,170,0.0,No Info,3943
Jet Airways,2019-04-09,Delhi,Cochin,11:40:00,19:00:00,440,2.0,No Info,15439
Spicejet,2019-04-01,Mumbai,Hyderabad,05:45:00,07:15:00,90,0.0,No check-in baggage included,1965
Spicejet,2019-05-01,Kolkata,Banglore,22:20:00,00:40:00,140,0.0,No Info,3873
Jet Airways,2019-06-03,Delhi,Cochin,16:00:00,19:00:00,1620,1.0,No Info,14714
Air India,2019-06-09,Banglore,Delhi,10:00:00,12:45:00,165,0.0,No Info,6961
Jet Airways,2019-05-01,Kolkata,Banglore,21:10:00,09:20:00,730,1.0,In-flight meal not included,10844
Multiple Carriers,2019-06-03,Delhi,Cochin,16:00:00,01:30:00,570,1.0,No Info,13377
Jet Airways,2019-05-09,Kolkata,Banglore,20:25:00,10:55:00,870,1.0,In-flight meal not included,8066
Air India,2019-04-06,Delhi,Cochin,17:20:00,09:25:00,965,1.0,No Info,4697
Jet Airways,2019-06-27,Delhi,Cochin,18:20:00,12:35:00,1095,2.0,No Info,14300
Vistara,2019-05-15,Kolkata,Banglore,20:20:00,09:05:00,765,1.0,No Info,8452
Indigo,2019-04-27,Kolkata,Banglore,22:15:00,00:50:00,155,0.0,No Info,4804
Air Asia,2019-03-03,Kolkata,Banglore,19:35:00,22:05:00,150,0.0,No Info,5964
Indigo,2019-06-15,Banglore,Delhi,10:30:00,13:20:00,170,0.0,No Info,3943
Air India,2019-06-15,Delhi,Cochin,17:40:00,23:00:00,320,1.0,No Info,7384
Spicejet,2019-04-01,Kolkata,Banglore,06:55:00,09:30:00,155,0.0,No Info,3873
Multiple Carriers,2019-06-27,Delhi,Cochin,12:50:00,21:00:00,490,1.0,In-flight meal not included,6007
Jet Airways,2019-04-09,Delhi,Cochin,20:55:00,12:35:00,940,1.0,No Info,11822
Jet Airways,2019-06-12,Delhi,Cochin,09:40:00,19:00:00,560,2.0,No Info,13014
Indigo,2019-05-12,Banglore,Delhi,06:05:00,08:50:00,165,0.0,No Info,4423
Air Asia,2019-05-18,Banglore,Delhi,23:55:00,02:45:00,170,0.0,No Info,4483
Indigo,2019-03-27,Delhi,Cochin,04:55:00,12:00:00,425,1.0,No Info,6171
Goair,2019-04-15,Delhi,Cochin,07:00:00,12:55:00,355,1.0,No Info,6195
Goair,2019-03-27,Delhi,Cochin,14:10:00,19:20:00,310,1.0,No Info,10188
Air Asia,2019-04-18,Banglore,Delhi,04:55:00,07:45:00,170,0.0,No Info,4282
Jet Airways,2019-03-06,Delhi,Cochin,09:55:00,18:50:00,535,1.0,In-flight meal not included,15400
Jet Airways,2019-03-27,Delhi,Cochin,09:55:00,18:50:00,535,1.0,In-flight meal not included,5963
Jet Airways,2019-05-27,Delhi,Cochin,19:30:00,12:35:00,1025,2.0,No Info,15129
Air India,2019-05-12,Mumbai,Hyderabad,19:30:00,20:45:00,75,0.0,No Info,3625
Multiple Carriers,2019-06-15,Delhi,Cochin,13:00:00,21:00:00,480,1.0,No Info,7408
Air India,2019-06-12,Kolkata,Banglore,09:25:00,13:45:00,1700,2.0,No Info,11542
Jet Airways,2019-06-06,Kolkata,Banglore,20:25:00,14:25:00,1080,1.0,In-flight meal not included,10539
Air India,2019-04-01,Kolkata,Banglore,20:45:00,23:20:00,155,0.0,No Info,4460
Multiple Carriers,2019-06-27,Delhi,Cochin,10:00:00,19:00:00,540,1.0,No Info,12192
Air India,2019-03-18,Delhi,Cochin,14:10:00,17:10:00,180,0.0,No Info,5674
Vistara,2019-05-01,Kolkata,Banglore,07:10:00,09:05:00,1555,1.0,No Info,8452
Jet Airways,2019-05-09,Kolkata,Banglore,17:00:00,18:00:00,1500,1.0,In-flight meal not included,7341
Jet Airways,2019-06-06,Delhi,Cochin,13:00:00,19:00:00,360,1.0,No Info,14714
Jet Airways,2019-03-09,Delhi,Cochin,19:15:00,18:50:00,1415,1.0,In-flight meal not included,14053
Indigo,2019-03-18,Kolkata,Banglore,17:15:00,19:55:00,160,0.0,No Info,4462
Jet Airways,2019-05-12,Kolkata,Banglore,09:35:00,09:45:00,1450,1.0,No Info,14151
Air Asia,2019-05-01,Kolkata,Banglore,10:20:00,12:55:00,155,0.0,No Info,4409
Jet Airways,2019-03-24,Kolkata,Banglore,21:10:00,09:15:00,725,1.0,No Info,14231
Jet Airways,2019-06-09,Delhi,Cochin,15:00:00,12:35:00,1295,1.0,In-flight meal not included,10262
Multiple Carriers,2019-06-24,Delhi,Cochin,10:20:00,19:15:00,535,1.0,In-flight meal not included,7268
Jet Airways,2019-06-15,Mumbai,Hyderabad,19:35:00,21:05:00,90,0.0,No Info,5678
Jet Airways,2019-05-24,Kolkata,Banglore,10:20:00,17:35:00,435,1.0,In-flight meal not included,6287
Jet Airways,2019-06-06,Delhi,Cochin,11:45:00,04:25:00,1000,2.0,In-flight meal not included,11992
Spicejet,2019-05-03,Banglore,Delhi,21:10:00,00:05:00,175,0.0,No Info,4991
Jet Airways,2019-03-15,Banglore,New Delhi,21:25:00,05:05:00,460,1.0,No Info,27210
Jet Airways,2019-06-06,Delhi,Cochin,13:00:00,19:00:00,360,1.0,In-flight meal not included,10262
Jet Airways,2019-06-09,Kolkata,Banglore,20:00:00,18:15:00,1335,1.0,No Info,14571
Jet Airways,2019-06-09,Kolkata,Banglore,06:30:00,12:00:00,330,1.0,No Info,14571
Indigo,2019-05-15,Banglore,Delhi,01:30:00,04:15:00,165,0.0,No Info,3419
Jet Airways,2019-06-12,Delhi,Cochin,09:00:00,19:00:00,600,1.0,In-flight meal not included,10262
Multiple Carriers,2019-06-12,Delhi,Cochin,11:30:00,21:00:00,570,1.0,No Info,13587
Jet Airways,2019-06-12,Kolkata,Banglore,10:20:00,17:35:00,435,1.0,No Info,8355
Indigo,2019-05-18,Chennai,Kolkata,14:45:00,17:05:00,140,0.0,No Info,3858
Jet Airways,2019-04-18,Banglore,Delhi,06:00:00,08:45:00,165,0.0,No Info,7229
Jet Airways,2019-03-06,Banglore,New Delhi,11:40:00,09:00:00,1280,1.0,No Info,17261
Air India,2019-03-21,Delhi,Cochin,08:00:00,19:15:00,675,1.0,No Info,7199
Indigo,2019-04-06,Kolkata,Banglore,04:40:00,07:15:00,155,0.0,No Info,4174
Indigo,2019-06-03,Banglore,Delhi,04:00:00,06:50:00,170,0.0,No Info,3943
Air India,2019-03-03,Banglore,New Delhi,13:20:00,16:10:00,170,0.0,No Info,10216
Multiple Carriers,2019-03-09,Delhi,Cochin,06:00:00,19:15:00,795,1.0,No Info,14408
Vistara,2019-05-15,Kolkata,Banglore,17:00:00,10:45:00,1065,1.0,No Info,8452
Vistara,2019-04-24,Banglore,Delhi,17:00:00,19:35:00,155,0.0,No Info,5613
Spicejet,2019-05-21,Delhi,Cochin,06:05:00,11:20:00,315,1.0,No Info,6297
Jet Airways,2019-05-18,Kolkata,Banglore,05:45:00,18:15:00,750,1.0,No Info,14781
Indigo,2019-03-15,Mumbai,Hyderabad,06:20:00,07:45:00,85,0.0,No Info,3342
Indigo,2019-03-24,Banglore,New Delhi,13:00:00,15:50:00,170,0.0,No Info,8033
Goair,2019-04-15,Delhi,Cochin,10:35:00,19:35:00,540,1.0,No Info,5752
Spicejet,2019-04-15,Delhi,Cochin,08:45:00,13:15:00,270,1.0,No Info,5830
Jet Airways,2019-06-12,Delhi,Cochin,09:40:00,12:35:00,1615,2.0,In-flight meal not included,10368
Jet Airways,2019-05-18,Kolkata,Banglore,18:55:00,08:15:00,800,1.0,In-flight meal not included,7757
Jet Airways,2019-05-01,Kolkata,Banglore,20:25:00,09:45:00,800,1.0,No Info,11467
Multiple Carriers,2019-05-21,Delhi,Cochin,10:35:00,19:00:00,505,1.0,No Info,9103
Spicejet,2019-04-15,Banglore,Delhi,21:10:00,00:05:00,175,0.0,No check-in baggage included,3919
Jet Airways,2019-05-09,Delhi,Cochin,18:15:00,04:25:00,610,1.0,In-flight meal not included,12373
Multiple Carriers,2019-06-12,Delhi,Cochin,04:55:00,19:15:00,860,1.0,No Info,7155
Spicejet,2019-04-06,Kolkata,Banglore,09:00:00,11:25:00,145,0.0,No check-in baggage included,3841
Multiple Carriers,2019-05-18,Delhi,Cochin,15:05:00,01:30:00,625,2.0,No Info,16840
Vistara,2019-03-06,Mumbai,Hyderabad,21:55:00,09:25:00,690,1.0,No Info,12395
Multiple Carriers,2019-06-12,Delhi,Cochin,07:30:00,19:15:00,705,1.0,No Info,7354
Indigo,2019-05-27,Delhi,Cochin,17:10:00,01:30:00,500,1.0,No Info,6206
Jet Airways,2019-05-06,Kolkata,Banglore,18:55:00,16:20:00,1285,1.0,In-flight meal not included,7757
Jet Airways,2019-04-01,Delhi,Cochin,10:00:00,19:00:00,540,1.0,In-flight meal not included,5406
Jet Airways,2019-06-09,Kolkata,Banglore,08:25:00,16:20:00,475,1.0,In-flight meal not included,10844
Jet Airways,2019-03-15,Mumbai,Hyderabad,15:50:00,17:20:00,90,0.0,In-flight meal not included,2470
Air India,2019-06-06,Kolkata,Banglore,17:30:00,20:25:00,1615,1.0,No Info,10413
Indigo,2019-05-21,Mumbai,Hyderabad,09:10:00,10:40:00,90,0.0,No Info,4049
Spicejet,2019-05-27,Kolkata,Banglore,06:55:00,09:30:00,155,0.0,No check-in baggage included,3841
Goair,2019-05-09,Kolkata,Banglore,16:40:00,00:15:00,455,1.0,No Info,8777
Indigo,2019-06-06,Delhi,Cochin,02:00:00,07:45:00,345,1.0,No Info,6386
Jet Airways,2019-05-06,Kolkata,Banglore,20:25:00,23:35:00,1630,1.0,In-flight meal not included,8066
Spicejet,2019-04-15,Kolkata,Banglore,06:55:00,09:30:00,155,0.0,No Info,3873
Multiple Carriers,2019-03-21,Delhi,Cochin,13:00:00,01:35:00,755,1.0,No Info,13542
Indigo,2019-05-15,Mumbai,Hyderabad,16:55:00,18:25:00,90,0.0,No Info,3175
Indigo,2019-06-12,Banglore,Delhi,23:30:00,02:20:00,170,0.0,No Info,3943
Jet Airways,2019-05-24,Banglore,Delhi,11:10:00,14:05:00,175,0.0,In-flight meal not included,4030
Indigo,2019-03-21,Delhi,Cochin,08:25:00,15:30:00,425,1.0,No Info,9709
Spicejet,2019-05-18,Kolkata,Banglore,17:10:00,19:40:00,150,0.0,No Info,4174
Jet Airways,2019-06-03,Delhi,Cochin,22:50:00,04:25:00,335,1.0,No Info,14714
Air India,2019-04-01,Kolkata,Banglore,20:30:00,08:55:00,745,1.0,No Info,7893
Air India,2019-05-09,Delhi,Cochin,20:40:00,09:25:00,765,1.0,No Info,7480
Indigo,2019-06-12,Delhi,Cochin,17:10:00,01:30:00,500,1.0,No Info,5883
Indigo,2019-06-24,Delhi,Cochin,15:10:00,20:00:00,290,1.0,No Info,6147
Indigo,2019-06-12,Delhi,Cochin,05:35:00,08:50:00,195,0.0,No Info,5601
Air India,2019-03-06,Banglore,New Delhi,08:15:00,11:20:00,1625,2.0,No Info,13942
Jet Airways,2019-06-06,Delhi,Cochin,11:40:00,19:00:00,440,2.0,In-flight meal not included,15812
Jet Airways,2019-06-27,Delhi,Cochin,02:15:00,19:00:00,1005,1.0,In-flight meal not included,10262
Jet Airways,2019-06-09,Kolkata,Banglore,09:35:00,21:05:00,690,1.0,No Info,14676
Jet Airways,2019-06-01,Banglore,Delhi,08:20:00,11:20:00,180,0.0,No Info,8016
Jet Airways,2019-03-21,Delhi,Cochin,05:30:00,18:50:00,2240,2.0,In-flight meal not included,9328
Jet Airways,2019-06-15,Delhi,Cochin,18:20:00,12:35:00,1095,2.0,No Info,14300
Multiple Carriers,2019-06-27,Delhi,Cochin,06:00:00,19:00:00,780,1.0,In-flight meal not included,10791
Jet Airways,2019-05-21,Delhi,Cochin,05:30:00,12:35:00,425,2.0,No Info,16274
Indigo,2019-03-03,Chennai,Kolkata,11:35:00,14:00:00,145,0.0,No Info,7295
Spicejet,2019-04-15,Kolkata,Banglore,17:10:00,19:40:00,150,0.0,No check-in baggage included,3841
Vistara,2019-04-01,Kolkata,Banglore,20:20:00,09:05:00,765,1.0,No Info,7980
Jet Airways,2019-06-24,Delhi,Cochin,17:30:00,04:25:00,655,1.0,In-flight meal not included,10262
Air India,2019-05-12,Mumbai,Hyderabad,13:55:00,15:25:00,90,0.0,No Info,3100
Indigo,2019-05-15,Delhi,Cochin,21:50:00,03:35:00,345,1.0,No Info,7189
Jet Airways,2019-05-12,Banglore,Delhi,18:55:00,22:00:00,185,0.0,No Info,7229
Jet Airways,2019-05-27,Delhi,Cochin,23:05:00,12:35:00,810,2.0,No Info,15129
Jet Airways,2019-03-24,Kolkata,Banglore,08:25:00,23:25:00,900,1.0,In-flight meal not included,10031
Air India,2019-05-18,Kolkata,Banglore,19:00:00,11:05:00,965,1.0,No Info,6327
Indigo,2019-06-09,Kolkata,Banglore,15:15:00,17:45:00,150,0.0,No Info,5224
Jet Airways,2019-06-09,Kolkata,Banglore,06:30:00,19:50:00,800,1.0,No Info,14571
Jet Airways,2019-03-27,Delhi,Cochin,09:00:00,18:50:00,590,1.0,In-flight meal not included,5963
Spicejet,2019-05-12,Mumbai,Hyderabad,13:15:00,14:45:00,90,0.0,No check-in baggage included,2175
Jet Airways,2019-04-15,Banglore,Delhi,18:55:00,22:00:00,185,0.0,In-flight meal not included,4544
Jet Airways,2019-05-24,Banglore,Delhi,08:20:00,11:20:00,180,0.0,No Info,7229
Jet Airways,2019-03-21,Banglore,New Delhi,11:40:00,23:00:00,680,1.0,In-flight meal not included,6992
Indigo,2019-04-09,Kolkata,Banglore,04:40:00,07:15:00,155,0.0,No Info,4174
Multiple Carriers,2019-06-06,Delhi,Cochin,10:35:00,19:15:00,520,1.0,No Info,7354
Multiple Carriers,2019-06-27,Delhi,Cochin,10:20:00,19:15:00,535,1.0,No Info,7741
Multiple Carriers,2019-06-12,Delhi,Cochin,07:10:00,16:10:00,540,1.0,No Info,6513
Indigo,2019-05-12,Kolkata,Banglore,18:05:00,23:30:00,325,1.0,No Info,6218
Indigo,2019-06-12,Delhi,Cochin,08:30:00,21:00:00,750,1.0,No Info,6093
Indigo,2019-03-27,Delhi,Cochin,02:00:00,07:45:00,345,1.0,No Info,5733
Goair,2019-06-15,Delhi,Cochin,10:35:00,19:35:00,540,1.0,No Info,4959
Jet Airways,2019-06-01,Delhi,Cochin,14:00:00,04:25:00,865,1.0,In-flight meal not included,10262
Indigo,2019-05-06,Kolkata,Banglore,22:15:00,00:50:00,155,0.0,No Info,4804
Air India,2019-04-09,Delhi,Cochin,22:00:00,19:15:00,1275,2.0,No Info,8341
Air India,2019-06-27,Delhi,Cochin,10:55:00,19:15:00,500,2.0,No Info,11753
Jet Airways,2019-06-06,Delhi,Cochin,21:50:00,04:25:00,395,1.0,No Info,14714
Multiple Carriers,2019-06-24,Delhi,Cochin,15:05:00,01:30:00,625,2.0,No Info,15965
Spicejet,2019-06-06,Kolkata,Banglore,17:10:00,19:40:00,150,0.0,No check-in baggage included,3841
Air India,2019-06-06,Delhi,Cochin,13:15:00,09:25:00,1210,2.0,No Info,10939
Air India,2019-05-15,Delhi,Cochin,22:00:00,19:15:00,1275,2.0,No Info,11281
Multiple Carriers,2019-06-09,Delhi,Cochin,07:05:00,16:10:00,545,1.0,No Info,9646
Jet Airways,2019-03-12,Banglore,New Delhi,05:45:00,20:20:00,875,1.0,No Info,13817
Vistara,2019-05-27,Delhi,Cochin,14:40:00,17:50:00,190,0.0,No Info,6216
Air India,2019-05-21,Delhi,Cochin,09:30:00,23:00:00,810,1.0,No Info,8907
Jet Airways,2019-05-15,Banglore,Delhi,15:15:00,18:10:00,175,0.0,No Info,7229
Indigo,2019-06-21,Banglore,Delhi,13:00:00,15:50:00,170,0.0,No Info,3943
Spicejet,2019-03-27,Chennai,Kolkata,08:20:00,10:35:00,135,0.0,No check-in baggage included,3332
Jet Airways,2019-03-24,Kolkata,Banglore,18:55:00,18:10:00,1395,1.0,In-flight meal not included,11134
Air India,2019-06-09,Kolkata,Banglore,12:00:00,13:15:00,1515,1.0,No Info,7662
Air India,2019-06-06,Banglore,Delhi,10:00:00,12:45:00,165,0.0,No Info,6961
Goair,2019-03-03,Delhi,Cochin,07:00:00,12:50:00,350,1.0,No Info,7378
Spicejet,2019-03-24,Kolkata,Banglore,22:20:00,00:40:00,140,0.0,No Info,5831
Indigo,2019-06-27,Banglore,Delhi,00:25:00,03:15:00,170,0.0,No Info,3419
Air India,2019-05-21,Delhi,Cochin,05:00:00,19:15:00,2295,2.0,No Info,9968
Spicejet,2019-05-01,Banglore,Delhi,09:30:00,12:20:00,170,0.0,No Info,4423
Air India,2019-05-15,Kolkata,Banglore,09:50:00,23:15:00,805,2.0,No Info,14960
Jet Airways,2019-06-01,Delhi,Cochin,05:30:00,19:00:00,810,2.0,No Info,13014
Jet Airways,2019-05-18,Delhi,Cochin,19:15:00,19:00:00,1425,1.0,No Info,15554
Jet Airways,2019-05-18,Banglore,Delhi,17:45:00,20:45:00,180,0.0,No Info,7229
Jet Airways,2019-05-06,Banglore,Delhi,11:10:00,14:05:00,175,0.0,In-flight meal not included,4030
Jet Airways,2019-03-01,Banglore,New Delhi,16:55:00,08:15:00,920,1.0,No Info,26890
Multiple Carriers,2019-06-01,Delhi,Cochin,18:15:00,01:30:00,435,1.0,No Info,13377
Multiple Carriers,2019-05-27,Delhi,Cochin,09:00:00,19:00:00,600,1.0,No Info,10407
Spicejet,2019-03-24,Banglore,New Delhi,20:30:00,23:20:00,170,0.0,No Info,5575
Air India,2019-05-24,Banglore,Delhi,06:10:00,08:55:00,165,0.0,No Info,8273
Jet Airways,2019-06-09,Delhi,Cochin,07:05:00,19:00:00,715,1.0,In-flight meal not included,10262
Indigo,2019-03-03,Delhi,Cochin,11:55:00,22:20:00,625,1.0,No Info,11600
Indigo,2019-06-06,Delhi,Cochin,23:30:00,04:35:00,305,1.0,No Info,10112
Air India,2019-03-15,Banglore,New Delhi,05:50:00,23:45:00,1075,2.0,No Info,7664
Air India,2019-03-09,Delhi,Cochin,05:55:00,07:40:00,1545,2.0,No Info,14483
Jet Airways,2019-03-21,Delhi,Cochin,20:50:00,04:25:00,455,1.0,In-flight meal not included,9212
Jet Airways,2019-03-01,Banglore,New Delhi,05:45:00,20:20:00,875,1.0,No Info,27992
Jet Airways,2019-03-21,Banglore,New Delhi,08:00:00,23:00:00,900,1.0,In-flight meal not included,7832
Indigo,2019-04-01,Kolkata,Banglore,11:30:00,14:05:00,155,0.0,No Info,4174
Jet Airways,2019-05-15,Kolkata,Banglore,20:00:00,04:40:00,520,1.0,No Info,13941
Indigo,2019-06-27,Delhi,Cochin,23:30:00,04:35:00,305,1.0,No Info,9165
Jet Airways,2019-03-21,Delhi,Cochin,18:20:00,18:50:00,1470,2.0,No Info,12604
Jet Airways,2019-05-15,Kolkata,Banglore,09:35:00,10:55:00,1520,1.0,No Info,14151
Goair,2019-04-03,Banglore,Delhi,11:40:00,14:30:00,170,0.0,No Info,3898
Indigo,2019-04-09,Banglore,Delhi,18:55:00,21:50:00,175,0.0,No Info,4823
Goair,2019-05-27,Banglore,Delhi,07:45:00,10:40:00,175,0.0,No Info,3419
Jet Airways,2019-06-09,Banglore,Delhi,15:15:00,18:10:00,175,0.0,In-flight meal not included,7229
Indigo,2019-04-06,Banglore,Delhi,18:55:00,21:50:00,175,0.0,No Info,4823
Air India,2019-05-21,Kolkata,Banglore,12:00:00,21:50:00,590,2.0,No Info,10151
Jet Airways,2019-06-09,Kolkata,Banglore,06:30:00,16:20:00,590,1.0,In-flight meal not included,10844
Indigo,2019-06-01,Delhi,Cochin,07:30:00,21:00:00,810,1.0,No Info,6416
Indigo,2019-03-21,Banglore,New Delhi,13:00:00,15:50:00,170,0.0,No Info,5694
Jet Airways,2019-03-12,Banglore,New Delhi,20:35:00,21:20:00,1485,1.0,In-flight meal not included,11087
Spicejet,2019-05-03,Banglore,Delhi,09:30:00,12:20:00,170,0.0,No Info,4423
Goair,2019-06-27,Banglore,Delhi,11:40:00,14:30:00,170,0.0,No Info,3898
Air Asia,2019-03-06,Kolkata,Banglore,10:20:00,12:55:00,155,0.0,No Info,4384
Indigo,2019-04-12,Kolkata,Banglore,15:15:00,17:45:00,150,0.0,No Info,4174
Multiple Carriers,2019-05-27,Delhi,Cochin,09:00:00,19:15:00,615,1.0,In-flight meal not included,10197
Jet Airways,2019-06-12,Kolkata,Banglore,09:35:00,18:00:00,505,1.0,No Info,12692
Air India,2019-03-12,Banglore,New Delhi,17:25:00,18:05:00,1480,3.0,No Info,13387
Multiple Carriers,2019-06-09,Delhi,Cochin,09:45:00,22:30:00,765,1.0,No Info,9646
Jet Airways,2019-03-12,Banglore,New Delhi,07:00:00,23:00:00,960,1.0,No Info,13817
Indigo,2019-06-15,Delhi,Cochin,05:05:00,16:10:00,665,1.0,No Info,6818
Indigo,2019-06-09,Delhi,Cochin,04:55:00,21:00:00,965,1.0,No Info,6093
Jet Airways,2019-05-21,Banglore,Delhi,11:10:00,14:05:00,175,0.0,No Info,7229
Goair,2019-04-06,Delhi,Cochin,10:35:00,19:35:00,540,1.0,No Info,5135
Jet Airways,2019-05-24,Kolkata,Banglore,08:25:00,20:45:00,740,1.0,In-flight meal not included,10844
Jet Airways,2019-06-03,Delhi,Cochin,18:15:00,04:25:00,610,1.0,No Info,14714
Air India,2019-03-21,Delhi,Cochin,06:10:00,23:00:00,1010,1.0,No Info,5704
Jet Airways,2019-06-15,Delhi,Cochin,13:00:00,12:35:00,1415,1.0,In-flight meal not included,10262
Indigo,2019-04-06,Banglore,Delhi,06:05:00,08:50:00,165,0.0,No Info,4423
Air India,2019-05-09,Kolkata,Banglore,14:30:00,08:55:00,1105,2.0,No Info,14214
Jet Airways,2019-06-27,Delhi,Cochin,19:10:00,19:00:00,1430,2.0,No Info,12819
Indigo,2019-04-03,Delhi,Cochin,16:00:00,21:00:00,300,1.0,No Info,5073
Indigo,2019-05-15,Chennai,Kolkata,07:55:00,10:15:00,140,0.0,No Info,3850
Jet Airways,2019-05-27,Delhi,Cochin,19:30:00,12:35:00,1025,2.0,In-flight meal not included,13029
Jet Airways,2019-03-06,Banglore,New Delhi,08:55:00,07:40:00,1365,1.0,No Info,14815
Jet Airways,2019-04-24,Banglore,Delhi,17:45:00,20:45:00,180,0.0,In-flight meal not included,4544
Multiple Carriers,2019-06-24,Delhi,Cochin,06:40:00,19:00:00,740,1.0,No Info,10877
Vistara,2019-04-27,Banglore,Delhi,09:45:00,12:35:00,170,0.0,No Info,5613
Multiple Carriers,2019-05-15,Delhi,Cochin,11:25:00,19:15:00,470,1.0,No Info,7575
Jet Airways,2019-06-09,Delhi,Cochin,21:50:00,19:00:00,1270,1.0,No Info,14714
Spicejet,2019-04-24,Banglore,Delhi,05:55:00,08:35:00,160,0.0,No Info,3971
Air Asia,2019-06-03,Banglore,Delhi,04:55:00,07:45:00,170,0.0,No Info,4282
Indigo,2019-05-18,Kolkata,Banglore,17:15:00,19:50:00,155,0.0,No Info,4804
Indigo,2019-03-24,Banglore,New Delhi,00:40:00,03:25:00,165,0.0,No Info,4238
Air Asia,2019-06-27,Delhi,Cochin,07:55:00,13:25:00,330,1.0,No Info,6152
Air Asia,2019-06-15,Delhi,Cochin,07:55:00,13:25:00,330,1.0,No Info,6253
Jet Airways,2019-03-06,Banglore,New Delhi,21:25:00,21:20:00,1435,1.0,No Info,17471
Multiple Carriers,2019-06-15,Delhi,Cochin,10:20:00,01:30:00,910,1.0,No Info,6795
Vistara,2019-03-24,Kolkata,Banglore,07:10:00,22:55:00,945,1.0,No Info,12732
Indigo,2019-05-18,Kolkata,Banglore,19:20:00,23:45:00,265,1.0,No Info,3717
Jet Airways,2019-05-09,Kolkata,Banglore,16:30:00,10:05:00,1055,1.0,No Info,13941
Jet Airways,2019-06-09,Banglore,Delhi,15:15:00,18:10:00,175,0.0,No Info,8016
Air India,2019-06-03,Delhi,Cochin,06:50:00,07:40:00,1490,2.0,No Info,13381
Air India,2019-05-01,Kolkata,Banglore,09:10:00,21:50:00,760,2.0,No Info,12009
Jet Airways,2019-06-01,Delhi,Cochin,19:45:00,04:25:00,520,1.0,No Info,14714
Air India,2019-06-24,Delhi,Cochin,07:00:00,19:15:00,735,1.0,No Info,8879
Air India,2019-06-24,Delhi,Cochin,19:00:00,07:40:00,760,1.0,No Info,8372
Indigo,2019-06-15,Delhi,Cochin,21:50:00,03:35:00,345,1.0,No Info,6195
Multiple Carriers,2019-06-12,Delhi,Cochin,06:00:00,12:35:00,395,1.0,No Info,11789
Jet Airways,2019-05-21,Delhi,Cochin,08:00:00,19:00:00,660,1.0,No Info,16289
Jet Airways,2019-06-06,Kolkata,Banglore,09:35:00,23:35:00,840,1.0,No Info,14151
Indigo,2019-05-15,Delhi,Cochin,11:55:00,22:30:00,635,1.0,No Info,6442
Vistara,2019-05-18,Kolkata,Banglore,20:20:00,20:20:00,1440,1.0,No Info,9555
Jet Airways,2019-03-06,Banglore,New Delhi,08:55:00,08:15:00,1400,1.0,No Info,14815
Jet Airways,2019-03-12,Banglore,New Delhi,21:25:00,11:25:00,840,1.0,No Info,13817
Jet Airways,2019-04-24,Banglore,Delhi,15:15:00,18:10:00,175,0.0,No Info,7229
Air Asia,2019-05-21,Delhi,Cochin,16:45:00,07:10:00,865,1.0,No Info,8327
Indigo,2019-06-27,Mumbai,Hyderabad,19:05:00,20:35:00,90,0.0,No Info,2754
Indigo,2019-06-12,Kolkata,Banglore,09:35:00,12:20:00,165,0.0,No Info,4804
Indigo,2019-03-21,Delhi,Cochin,04:55:00,12:00:00,425,1.0,No Info,6287
Goair,2019-04-27,Banglore,Delhi,20:55:00,23:40:00,165,0.0,No Info,3898
Indigo,2019-03-15,Banglore,New Delhi,13:40:00,18:35:00,295,1.0,No Info,7166
Spicejet,2019-04-24,Banglore,Delhi,05:55:00,08:35:00,160,0.0,No check-in baggage included,3919
Indigo,2019-04-12,Banglore,Delhi,21:15:00,00:15:00,180,0.0,No Info,4990
Jet Airways,2019-06-12,Banglore,Delhi,08:20:00,11:20:00,180,0.0,In-flight meal not included,5769
Spicejet,2019-04-06,Kolkata,Banglore,17:10:00,19:40:00,150,0.0,No check-in baggage included,3841
Air India,2019-05-06,Chennai,Kolkata,11:40:00,13:55:00,135,0.0,No Info,4667
Jet Airways,2019-06-06,Kolkata,Banglore,17:00:00,23:35:00,395,1.0,No Info,14151
Goair,2019-05-03,Banglore,Delhi,07:45:00,10:40:00,175,0.0,No Info,3898
Vistara,2019-05-06,Banglore,Delhi,19:30:00,22:15:00,165,0.0,No Info,4878
Jet Airways,2019-05-06,Kolkata,Banglore,17:00:00,09:45:00,1005,1.0,No Info,10953
Multiple Carriers,2019-06-01,Delhi,Cochin,13:00:00,01:30:00,750,1.0,No Info,13377
Jet Airways,2019-06-03,Delhi,Cochin,17:30:00,04:25:00,655,1.0,In-flight meal not included,10262
Jet Airways,2019-03-24,Banglore,New Delhi,08:55:00,09:00:00,1445,1.0,In-flight meal not included,8147
Indigo,2019-06-12,Delhi,Cochin,15:00:00,01:30:00,630,1.0,No Info,5684
Indigo,2019-03-03,Banglore,New Delhi,10:05:00,13:00:00,175,0.0,No Info,7648
Spicejet,2019-03-06,Mumbai,Hyderabad,14:10:00,22:25:00,495,1.0,No Info,13552
Jet Airways,2019-03-21,Banglore,New Delhi,20:35:00,11:25:00,890,1.0,In-flight meal not included,7832
Jet Airways,2019-05-06,Mumbai,Hyderabad,19:35:00,21:05:00,90,0.0,No Info,5678
Spicejet,2019-06-15,Mumbai,Hyderabad,22:45:00,00:15:00,90,0.0,No Info,2017
Jet Airways,2019-05-12,Kolkata,Banglore,21:10:00,12:00:00,890,1.0,In-flight meal not included,9663
Air India,2019-05-24,Delhi,Cochin,07:00:00,19:15:00,735,1.0,No Info,9929
Jet Airways,2019-06-09,Delhi,Cochin,14:00:00,19:00:00,300,1.0,No Info,14714
Jet Airways,2019-05-21,Kolkata,Banglore,10:20:00,17:35:00,435,1.0,No Info,8355
Indigo,2019-05-27,Mumbai,Hyderabad,09:10:00,10:40:00,90,0.0,No Info,4049
Jet Airways,2019-03-01,Banglore,New Delhi,08:55:00,18:25:00,570,1.0,No Info,26890
Spicejet,2019-04-15,Banglore,Delhi,05:55:00,08:35:00,160,0.0,No check-in baggage included,4319
Indigo,2019-03-03,Banglore,New Delhi,20:00:00,22:55:00,175,0.0,No Info,7303
Jet Airways,2019-05-12,Kolkata,Banglore,09:35:00,21:05:00,690,1.0,No Info,14151
Multiple Carriers,2019-03-21,Delhi,Cochin,08:55:00,19:15:00,620,1.0,No Info,10161
Jet Airways,2019-06-03,Delhi,Cochin,22:50:00,04:25:00,335,1.0,In-flight meal not included,10262
Jet Airways,2019-05-21,Banglore,Delhi,18:55:00,22:00:00,185,0.0,In-flight meal not included,4030
Jet Airways,2019-06-03,Delhi,Cochin,16:00:00,12:35:00,1235,1.0,No Info,14714
Multiple Carriers,2019-06-15,Delhi,Cochin,10:20:00,19:15:00,535,1.0,No Info,9526
Indigo,2019-05-06,Banglore,Delhi,08:30:00,11:20:00,170,0.0,No Info,4823
Multiple Carriers,2019-06-09,Delhi,Cochin,13:00:00,21:00:00,480,1.0,No Info,7408
Jet Airways,2019-04-15,Banglore,Delhi,06:00:00,08:45:00,165,0.0,No Info,7229
Indigo,2019-04-27,Banglore,Delhi,23:30:00,02:20:00,170,0.0,No Info,3943
Spicejet,2019-05-27,Banglore,Delhi,09:30:00,12:20:00,170,0.0,No check-in baggage included,3573
Jet Airways,2019-05-21,Delhi,Cochin,02:15:00,19:00:00,1005,1.0,No Info,16079
Air India,2019-06-12,Delhi,Cochin,20:40:00,09:25:00,765,1.0,No Info,7480
Indigo,2019-05-01,Kolkata,Banglore,15:15:00,20:05:00,290,1.0,No Info,4775
Jet Airways,2019-06-09,Kolkata,Banglore,10:20:00,17:35:00,435,1.0,In-flight meal not included,5608
Air India,2019-03-27,Mumbai,Hyderabad,13:55:00,15:25:00,90,0.0,No Info,2050
Multiple Carriers,2019-03-06,Delhi,Cochin,06:00:00,19:15:00,795,1.0,No Info,15353
Goair,2019-06-15,Banglore,Delhi,11:40:00,14:30:00,170,0.0,No Info,3898
Multiple Carriers,2019-06-24,Delhi,Cochin,03:50:00,19:00:00,910,1.0,No Info,12192
Jet Airways,2019-04-15,Banglore,Delhi,11:10:00,14:05:00,175,0.0,No Info,7229
Jet Airways,2019-06-15,Banglore,Delhi,11:10:00,14:05:00,175,0.0,In-flight meal not included,7229
Spicejet,2019-06-21,Kolkata,Banglore,22:20:00,00:40:00,140,0.0,No Info,3873
Indigo,2019-03-21,Delhi,Cochin,04:45:00,13:20:00,515,1.0,No Info,7738
Multiple Carriers,2019-06-15,Delhi,Cochin,08:00:00,19:00:00,660,1.0,No Info,12192
Jet Airways,2019-06-09,Kolkata,Banglore,18:55:00,04:40:00,585,1.0,In-flight meal not included,9663
Jet Airways,2019-05-15,Banglore,Delhi,07:10:00,10:10:00,180,0.0,In-flight meal not included,5198
Air Asia,2019-05-01,Banglore,Delhi,23:55:00,02:45:00,170,0.0,No Info,4483
Air India,2019-05-09,Delhi,Cochin,07:05:00,07:40:00,1475,2.0,No Info,13547
Multiple Carriers,2019-04-09,Delhi,Cochin,17:30:00,01:30:00,480,1.0,No Info,13017
Indigo,2019-05-09,Banglore,Delhi,18:55:00,21:50:00,175,0.0,No Info,4823
Multiple Carriers,2019-06-24,Delhi,Cochin,10:35:00,19:00:00,505,1.0,No Info,10678
Jet Airways,2019-05-01,Banglore,Delhi,08:20:00,11:20:00,180,0.0,No Info,7229
Goair,2019-04-21,Delhi,Cochin,05:55:00,13:35:00,460,1.0,No Info,6146
Indigo,2019-03-27,Delhi,Cochin,09:10:00,15:30:00,380,1.0,No Info,10141
Jet Airways,2019-06-06,Delhi,Cochin,18:25:00,04:25:00,600,2.0,No Info,14237
Goair,2019-03-24,Banglore,New Delhi,07:45:00,10:40:00,175,0.0,No Info,5048
Air India,2019-03-03,Banglore,New Delhi,06:55:00,13:20:00,385,1.0,No Info,10924
Jet Airways,2019-03-06,Delhi,Cochin,05:30:00,19:45:00,2295,2.0,In-flight meal not included,15864
Jet Airways,2019-06-01,Delhi,Cochin,11:40:00,19:00:00,440,2.0,In-flight meal not included,15812
Indigo,2019-03-06,Kolkata,Banglore,22:10:00,00:55:00,165,0.0,No Info,4778
Indigo,2019-03-09,Banglore,New Delhi,18:55:00,21:45:00,170,0.0,No Info,6860
Jet Airways,2019-06-12,Delhi,Cochin,06:45:00,04:25:00,1300,2.0,In-flight meal not included,10919
Jet Airways,2019-03-24,Kolkata,Banglore,08:25:00,18:10:00,585,1.0,No Info,13759
Indigo,2019-06-03,Banglore,Delhi,21:15:00,00:15:00,180,0.0,No Info,3943
Indigo,2019-03-15,Mumbai,Hyderabad,09:10:00,10:40:00,90,0.0,No Info,4049
Jet Airways,2019-03-03,Mumbai,Hyderabad,19:35:00,21:05:00,90,0.0,No Info,5678
Multiple Carriers,2019-03-06,Delhi,Cochin,09:00:00,21:00:00,720,1.0,No Info,15078
Multiple Carriers,2019-03-27,Delhi,Cochin,13:05:00,22:20:00,555,1.0,No Info,6076
Multiple Carriers,2019-05-15,Delhi,Cochin,10:35:00,19:00:00,505,1.0,No Info,9103
Indigo,2019-06-01,Chennai,Kolkata,15:40:00,18:25:00,165,0.0,No Info,3540
Jet Airways,2019-03-21,Delhi,Cochin,13:00:00,18:50:00,350,1.0,No Info,12347
Spicejet,2019-05-06,Chennai,Kolkata,08:20:00,10:35:00,135,0.0,No check-in baggage included,3859
Spicejet,2019-05-01,Kolkata,Banglore,15:55:00,21:25:00,330,1.0,No Info,8844
Jet Airways,2019-05-09,Delhi,Cochin,19:45:00,19:00:00,1395,1.0,No Info,15554
Indigo,2019-03-18,Chennai,Kolkata,11:35:00,14:00:00,145,0.0,No Info,3858
Jet Airways,2019-03-24,Mumbai,Hyderabad,15:50:00,17:20:00,90,0.0,In-flight meal not included,2228
Indigo,2019-06-09,Banglore,Delhi,00:25:00,03:15:00,170,0.0,No Info,3943
Indigo,2019-05-09,Delhi,Cochin,17:05:00,22:25:00,320,1.0,No Info,6027
Jet Airways,2019-03-03,Banglore,New Delhi,08:00:00,07:40:00,1420,1.0,In-flight meal not included,13502
Air India,2019-04-03,Mumbai,Hyderabad,21:05:00,22:25:00,80,0.0,No Info,2050
Jet Airways,2019-05-18,Delhi,Cochin,21:50:00,04:25:00,395,1.0,No Info,15554
Spicejet,2019-04-21,Delhi,Cochin,15:45:00,22:05:00,380,1.0,No Info,6749
Indigo,2019-05-15,Delhi,Cochin,14:25:00,17:40:00,195,0.0,No Info,6541
Air India,2019-03-24,Kolkata,Banglore,07:00:00,01:20:00,1100,2.0,No Info,13428
Jet Airways,2019-06-12,Delhi,Cochin,11:30:00,12:35:00,1505,1.0,In-flight meal not included,10262
Air India,2019-06-06,Delhi,Cochin,21:00:00,07:40:00,640,1.0,No Info,8372
Jet Airways,2019-04-01,Kolkata,Banglore,18:55:00,23:35:00,1720,1.0,In-flight meal not included,7064
Multiple Carriers,2019-06-06,Delhi,Cochin,11:40:00,01:30:00,830,1.0,No Info,6795
